Episode,Total Reward,Episode Length
1,-170.3485121101421,1000
2,-109.37527176542848,1000
3,-125.79497956968251,1000
4,-171.5279572219291,1000
5,-163.94404483293533,1000
